{"cameraMode":{"drawMode":0,"name":"Shaded","section":"Shading Mode"},"sceneLighting":false,"audioPlay":false,"sceneViewState":{"showFog":true,"showMaterialUpdate":false,"showSkybox":true,"showFlares":true,"showImageEffects":true,"showParticleSystems":true},"in2DMode":false,"pivot":{"x":-18.113418579101564,"y":-30.066429138183595,"z":38.79994201660156},"rotation":{"x":-0.1302221715450287,"y":0.6433199644088745,"z":-0.1122916042804718,"w":-0.7460416555404663},"size":133.35987854003907,"orthographic":false}