{"cameraMode":{"drawMode":0,"name":"Shaded","section":"Shading Mode"},"sceneLighting":false,"audioPlay":false,"sceneViewState":{"showFog":true,"showMaterialUpdate":false,"showSkybox":true,"showFlares":true,"showImageEffects":true,"showParticleSystems":true},"in2DMode":false,"pivot":{"x":-1.4770631790161133,"y":0.07807207107543946,"z":0.9252314567565918},"rotation":{"x":-0.10580722242593765,"y":0.6927586793899536,"z":-0.1038566455245018,"w":-0.7057663798332214},"size":5.746306419372559,"orthographic":false}