{"cameraMode":{"drawMode":0,"name":"Shaded","section":"Shading Mode"},"sceneLighting":false,"audioPlay":false,"sceneViewState":{"showFog":true,"showMaterialUpdate":false,"showSkybox":true,"showFlares":true,"showImageEffects":true,"showParticleSystems":true},"in2DMode":false,"pivot":{"x":127.3367919921875,"y":-4.260597229003906,"z":81.1390380859375},"rotation":{"x":-0.14007166028022767,"y":-0.6495643258094788,"z":0.12344960123300553,"w":-0.7370299696922302},"size":180.4059600830078,"orthographic":false}