{"cameraMode":{"drawMode":0,"name":"Shaded","section":"Shading Mode"},"sceneLighting":false,"audioPlay":false,"sceneViewState":{"showFog":true,"showMaterialUpdate":false,"showSkybox":false,"showFlares":true,"showImageEffects":true,"showParticleSystems":true},"in2DMode":false,"pivot":{"x":1.2400239706039429,"y":1.7895342111587525,"z":0.7396544218063355},"rotation":{"x":-0.10323575884103775,"y":0.744611918926239,"z":-0.11849182844161987,"w":-0.6487380862236023},"size":8.046794891357422,"orthographic":false}