{"cameraMode":{"drawMode":0,"name":"Shaded","section":"Shading Mode"},"sceneLighting":true,"audioPlay":false,"sceneViewState":{"showFog":true,"showMaterialUpdate":false,"showSkybox":true,"showFlares":true,"showImageEffects":true,"showParticleSystems":true},"in2DMode":false,"pivot":{"x":25.22248649597168,"y":7.33582878112793,"z":77.98358917236328},"rotation":{"x":0.08683820813894272,"y":0.7171061038970947,"z":-0.09083665162324906,"w":0.6855410933494568},"size":7.768950462341309,"orthographic":false}